{
  "hash": "423cf5f3",
  "configHash": "632608d4",
  "lockfileHash": "cf9680ea",
  "browserHash": "c6c3a51d",
  "optimized": {
    "@angular/common": {
      "src": "../../../../../../node_modules/@angular/common/fesm2022/common.mjs",
      "file": "@angular_common.js",
      "fileHash": "2c18e727",
      "needsInterop": false
    },
    "@angular/common/http": {
      "src": "../../../../../../node_modules/@angular/common/fesm2022/http.mjs",
      "file": "@angular_common_http.js",
      "fileHash": "b10aab36",
      "needsInterop": false
    },
    "@angular/core": {
      "src": "../../../../../../node_modules/@angular/core/fesm2022/core.mjs",
      "file": "@angular_core.js",
      "fileHash": "29a76d0c",
      "needsInterop": false
    },
    "@angular/core/rxjs-interop": {
      "src": "../../../../../../node_modules/@angular/core/fesm2022/rxjs-interop.mjs",
      "file": "@angular_core_rxjs-interop.js",
      "fileHash": "7e70cdcd",
      "needsInterop": false
    },
    "@angular/platform-browser": {
      "src": "../../../../../../node_modules/@angular/platform-browser/fesm2022/platform-browser.mjs",
      "file": "@angular_platform-browser.js",
      "fileHash": "b70dfaf6",
      "needsInterop": false
    },
    "@angular/router": {
      "src": "../../../../../../node_modules/@angular/router/fesm2022/router.mjs",
      "file": "@angular_router.js",
      "fileHash": "463178b9",
      "needsInterop": false
    },
    "rxjs": {
      "src": "../../../../../../node_modules/rxjs/dist/esm5/index.js",
      "file": "rxjs.js",
      "fileHash": "a79437e5",
      "needsInterop": false
    },
    "swiper": {
      "src": "../../../../../../node_modules/swiper/swiper.mjs",
      "file": "swiper.js",
      "fileHash": "56e4b404",
      "needsInterop": false
    },
    "swiper/modules": {
      "src": "../../../../../../node_modules/swiper/modules/index.mjs",
      "file": "swiper_modules.js",
      "fileHash": "acac35b9",
      "needsInterop": false
    }
  },
  "chunks": {
    "chunk-VTQHMYY6": {
      "file": "chunk-VTQHMYY6.js"
    },
    "chunk-5GOIE4N4": {
      "file": "chunk-5GOIE4N4.js"
    },
    "chunk-TRSFWWN7": {
      "file": "chunk-TRSFWWN7.js"
    },
    "chunk-5YUKBJWD": {
      "file": "chunk-5YUKBJWD.js"
    },
    "chunk-TZ6LAXYA": {
      "file": "chunk-TZ6LAXYA.js"
    },
    "chunk-5QXQOMPN": {
      "file": "chunk-5QXQOMPN.js"
    },
    "chunk-P6U2JBMQ": {
      "file": "chunk-P6U2JBMQ.js"
    },
    "chunk-WDMUDEB6": {
      "file": "chunk-WDMUDEB6.js"
    }
  }
}